﻿<?xml version="1.0" encoding="UTF-8" standalone="yes"?>
<Picture>
	<PictureVariant name="b.gif" interfaceVariant="" screenDensity="bldpi" isTemplate="false" glyphWidth="14" glyphHeight="14"/>
	<PictureVariant name="l.gif" interfaceVariant="" screenDensity="ldpi" isTemplate="false" glyphWidth="16" glyphHeight="16"/>
	<PictureVariant name="a.gif" interfaceVariant="" screenDensity="aldpi" isTemplate="false" glyphWidth="20" glyphHeight="20"/>
	<PictureVariant name="m.gif" interfaceVariant="" screenDensity="mdpi" isTemplate="false" glyphWidth="24" glyphHeight="24"/>
	<PictureVariant name="a1.gif" interfaceVariant="" screenDensity="amdpi" isTemplate="false" glyphWidth="28" glyphHeight="28"/>
	<PictureVariant name="h.gif" interfaceVariant="" screenDensity="hdpi" isTemplate="false" glyphWidth="32" glyphHeight="32"/>
	<PictureVariant name="x.gif" interfaceVariant="" screenDensity="xdpi" isTemplate="false" glyphWidth="48" glyphHeight="48"/>
	<PictureVariant name="u.gif" interfaceVariant="" screenDensity="udpi" isTemplate="false" glyphWidth="64" glyphHeight="64"/>
	<PictureVariant name="l1.gif" interfaceVariant="version8_2" screenDensity="ldpi" isTemplate="false" glyphWidth="16" glyphHeight="16"/>
</Picture>