﻿<?xml version="1.0" encoding="UTF-8" standalone="yes"?>
<Picture>
	<PictureVariant name="85.png" screenDensity="bldpi"/>
	<PictureVariant name="100.png" screenDensity="ldpi"/>
	<PictureVariant name="125.png" screenDensity="aldpi"/>
	<PictureVariant name="150.png" screenDensity="mdpi"/>
	<PictureVariant name="175.png" screenDensity="amdpi"/>
	<PictureVariant name="200.png" screenDensity="hdpi"/>
	<PictureVariant name="300.png" screenDensity="xdpi"/>
	<PictureVariant name="400.png" screenDensity="udpi"/>

	<PictureVariant name="picture.png" interfaceVariant="version8_2" screenDensity="ldpi"/>
	<PictureVariant name="picture.png" interfaceVariant="version8_2_OrdinaryApp" screenDensity="ldpi"/>
	<PictureVariant name="picture.png" interfaceVariant="version8_0" screenDensity="ldpi"/>
</Picture>
